,Drug_ID,Smiles,Selfies
0,PubChem7847360,Fc1cccc(Cl)c1C[NH2+]C1CCCCC1,[F][C][=C][C][=C][C][Branch1][C][Cl][=C][Ring1][#Branch1][C][NH2+1][C][C][C][C][C][C][Ring1][=Branch1]
1,PubChem7849415,Cc1ccc(S(C)(=O)=O)cc1C(=O)OCC(=O)N[C@@H]1CCCC[C@@H]1C,[C][C][=C][C][=C][Branch1][=Branch2][S][Branch1][C][C][=Branch1][C][=O][=O][C][=C][Ring1][#Branch2][C][=Branch1][C][=O][O][C][C][=Branch1][C][=O][N][C@@H1][C][C][C][C][C@@H1][Ring1][=Branch1][C]
2,PubChem7847398,Cc1cc(C(=O)CSc2ccc(C(C)(C)C)cc2)c(C)n1[C@H]1CCS(=O)(=O)C1,[C][C][=C][C][Branch2][Ring1][=Branch2][C][=Branch1][C][=O][C][S][C][=C][C][=C][Branch1][=Branch2][C][Branch1][C][C][Branch1][C][C][C][C][=C][Ring1][#Branch2][=C][Branch1][C][C][N][Ring2][Ring1][Ring2][C@H1][C][C][S][=Branch1][C][=O][=Branch1][C][=O][C][Ring1][#Branch1]
3,PubChem7847503,CC(C)(C)c1ccc(SCn2nnc3ccccc3c2=O)cc1,[C][C][Branch1][C][C][Branch1][C][C][C][=C][C][=C][Branch2][Ring1][C][S][C][N][N][=N][C][=C][C][=C][C][=C][Ring1][=Branch1][C][Ring1][#Branch2][=O][C][=C][Ring2][Ring1][Ring1]
4,PubChem7847578,Cc1cc(C(=O)COC(=O)CNS(=O)(=O)c2ccc3c(c2)CCCC3)c(C)n1C,[C][C][=C][C][Branch2][Ring2][Ring2][C][=Branch1][C][=O][C][O][C][=Branch1][C][=O][C][N][S][=Branch1][C][=O][=Branch1][C][=O][C][=C][C][=C][C][=Branch1][Ring2][=C][Ring1][=Branch1][C][C][C][C][Ring1][#Branch1][=C][Branch1][C][C][N][Ring2][Ring1][O][C]
5,PubChem7847608,CC(C)[C@H](OC(=O)CNS(=O)(=O)c1ccc2c(c1)CCCC2)C(=O)NC(N)=O,[C][C][Branch1][C][C][C@H1][Branch2][Ring1][#C][O][C][=Branch1][C][=O][C][N][S][=Branch1][C][=O][=Branch1][C][=O][C][=C][C][=C][C][=Branch1][Ring2][=C][Ring1][=Branch1][C][C][C][C][Ring1][#Branch1][C][=Branch1][C][=O][N][C][Branch1][C][N][=O]
6,PubChem7847626,CC(C)[C@@](C)(C#N)NC(=O)COc1ccccc1Br,[C][C][Branch1][C][C][C@@][Branch1][C][C][Branch1][Ring1][C][#N][N][C][=Branch1][C][=O][C][O][C][=C][C][=C][C][=C][Ring1][=Branch1][Br]
7,PubChem7847684,CC(C)c1ccc(CSc2nnc(SCC(=O)N3CCCC3=O)s2)cc1,[C][C][Branch1][C][C][C][=C][C][=C][Branch2][Ring1][#Branch2][C][S][C][=N][N][=C][Branch1][#C][S][C][C][=Branch1][C][=O][N][C][C][C][C][Ring1][Branch1][=O][S][Ring1][#C][C][=C][Ring2][Ring1][#Branch1]
8,PubChem7847695,O=C(COc1ccccc1Br)N1CCc2ccccc2C1,[O][=C][Branch1][N][C][O][C][=C][C][=C][C][=C][Ring1][=Branch1][Br][N][C][C][C][=C][C][=C][C][=C][Ring1][=Branch1][C][Ring1][#Branch2]
9,PubChem7848358,CCOC(=O)NC(=O)COC(=O)c1ccc2c(c1)NC(=O)CCS2,[C][C][O][C][=Branch1][C][=O][N][C][=Branch1][C][=O][C][O][C][=Branch1][C][=O][C][=C][C][=C][C][=Branch1][Ring2][=C][Ring1][=Branch1][N][C][=Branch1][C][=O][C][C][S][Ring1][=Branch2]
10,PubChem7847294,C[C@H](OC(=O)COc1ccccc1Cl)C(=O)Nc1cccc2ccccc12,[C][C@H1][Branch1][P][O][C][=Branch1][C][=O][C][O][C][=C][C][=C][C][=C][Ring1][=Branch1][Cl][C][=Branch1][C][=O][N][C][=C][C][=C][C][=C][C][=C][C][=C][Ring1][#Branch2][Ring1][=Branch1]
11,PubChem7847402,CC(C)(C)c1ccc(SCC(=O)Nc2ccc(S(N)(=O)=O)cc2)cc1,[C][C][Branch1][C][C][Branch1][C][C][C][=C][C][=C][Branch2][Ring1][#Branch2][S][C][C][=Branch1][C][=O][N][C][=C][C][=C][Branch1][=Branch2][S][Branch1][C][N][=Branch1][C][=O][=O][C][=C][Ring1][#Branch2][C][=C][Ring2][Ring1][Branch1]
12,PubChem7848516,COc1ccc([N+](=O)[O-])cc1NC(=O)COc1cc(Cl)cc(Cl)c1,[C][O][C][=C][C][=C][Branch1][=Branch1][N+1][=Branch1][C][=O][O-1][C][=C][Ring1][=Branch2][N][C][=Branch1][C][=O][C][O][C][=C][C][Branch1][C][Cl][=C][C][Branch1][C][Cl][=C][Ring1][Branch2]
13,PubChem7848775,C[C@@H](OC(=O)CN(C)S(=O)(=O)c1ccc(F)cc1)C(=O)NC1CCCC1,[C][C@@H1][Branch2][Ring1][=N][O][C][=Branch1][C][=O][C][N][Branch1][C][C][S][=Branch1][C][=O][=Branch1][C][=O][C][=C][C][=C][Branch1][C][F][C][=C][Ring1][#Branch1][C][=Branch1][C][=O][N][C][C][C][C][C][Ring1][Branch1]
14,PubChem7849467,Cc1ccc(S(C)(=O)=O)cc1C(=O)O[C@@H](C)C(=O)Nc1ccc2c(c1)OCO2,[C][C][=C][C][=C][Branch1][=Branch2][S][Branch1][C][C][=Branch1][C][=O][=O][C][=C][Ring1][#Branch2][C][=Branch1][C][=O][O][C@@H1][Branch1][C][C][C][=Branch1][C][=O][N][C][=C][C][=C][C][=Branch1][Ring2][=C][Ring1][=Branch1][O][C][O][Ring1][=Branch1]
15,PubChem7847103,CCc1nc2ccccc2c(C(=O)OCc2cc(Cl)cc3c2OCOC3)c1C,[C][C][C][=N][C][=C][C][=C][C][=C][Ring1][=Branch1][C][Branch2][Ring1][Branch2][C][=Branch1][C][=O][O][C][C][=C][C][Branch1][C][Cl][=C][C][=C][Ring1][#Branch1][O][C][O][C][Ring1][=Branch1][=C][Ring2][Ring1][=Branch2][C]
16,PubChem7847178,Cc1ccc(-c2nn(-c3ccccc3)cc2C(=O)OCC(=O)N[C@H](C)C(C)C)cc1,[C][C][=C][C][=C][Branch2][Ring2][=Branch1][C][=N][N][Branch1][=Branch2][C][=C][C][=C][C][=C][Ring1][=Branch1][C][=C][Ring1][O][C][=Branch1][C][=O][O][C][C][=Branch1][C][=O][N][C@H1][Branch1][C][C][C][Branch1][C][C][C][C][=C][Ring2][Ring1][=N]
17,PubChem7847263,CCC(=O)Nc1ccc(C(=O)COC(=O)COc2ccccc2Cl)cc1,[C][C][C][=Branch1][C][=O][N][C][=C][C][=C][Branch2][Ring1][=Branch1][C][=Branch1][C][=O][C][O][C][=Branch1][C][=O][C][O][C][=C][C][=C][C][=C][Ring1][=Branch1][Cl][C][=C][Ring2][Ring1][Branch1]
18,PubChem7847677,CCC(CC)NC(=O)CSc1nnc(SCc2ccc(C(C)C)cc2)s1,[C][C][C][Branch1][Ring1][C][C][N][C][=Branch1][C][=O][C][S][C][=N][N][=C][Branch2][Ring1][C][S][C][C][=C][C][=C][Branch1][=Branch1][C][Branch1][C][C][C][C][=C][Ring1][=Branch2][S][Ring1][S]
19,PubChem7847791,C[C@@H](OC(=O)c1ccc(-c2ccc(Cl)cc2)s1)C(=O)NCc1ccco1,[C][C@@H1][Branch2][Ring1][#Branch2][O][C][=Branch1][C][=O][C][=C][C][=C][Branch1][N][C][=C][C][=C][Branch1][C][Cl][C][=C][Ring1][#Branch1][S][Ring1][N][C][=Branch1][C][=O][N][C][C][=C][C][=C][O][Ring1][Branch1]
20,PubChem7849162,COC(=O)c1ccc2c(=O)n(C[C@@H](C)O)c(SCCSC)nc2c1,[C][O][C][=Branch1][C][=O][C][=C][C][=C][C][=Branch1][C][=O][N][Branch1][#Branch1][C][C@@H1][Branch1][C][C][O][C][Branch1][=Branch1][S][C][C][S][C][=N][C][Ring1][S][=C][Ring2][Ring1][Ring2]
21,PubChem7849234,COc1ccc(F)cc1C(=O)COC(=O)c1cc(S(C)(=O)=O)ccc1C,[C][O][C][=C][C][=C][Branch1][C][F][C][=C][Ring1][#Branch1][C][=Branch1][C][=O][C][O][C][=Branch1][C][=O][C][=C][C][Branch1][=Branch2][S][Branch1][C][C][=Branch1][C][=O][=O][=C][C][=C][Ring1][#Branch2][C]
22,PubChem7849264,COC(=O)c1ccc2c(=O)n(C[C@H]3CCCO3)c(S[C@H](C)C#N)nc2c1,[C][O][C][=Branch1][C][=O][C][=C][C][=C][C][=Branch1][C][=O][N][Branch1][=Branch2][C][C@H1][C][C][C][O][Ring1][Branch1][C][Branch1][Branch2][S][C@H1][Branch1][C][C][C][#N][=N][C][Ring2][Ring1][C][=C][Ring2][Ring1][=Branch1]
23,PubChem7849267,COC(=O)c1ccc2c(=O)n(C[C@H]3CCCO3)c(SCC3CCCCC3)nc2c1,[C][O][C][=Branch1][C][=O][C][=C][C][=C][C][=Branch1][C][=O][N][Branch1][=Branch2][C][C@H1][C][C][C][O][Ring1][Branch1][C][Branch1][O][S][C][C][C][C][C][C][C][Ring1][=Branch1][=N][C][Ring2][Ring1][Branch1][=C][Ring2][Ring1][=Branch2]
24,PubChem47205864,Cc1ccc(F)c(NC(=O)CNC(=O)C2CC2)c1,[C][C][=C][C][=C][Branch1][C][F][C][Branch1][P][N][C][=Branch1][C][=O][C][N][C][=Branch1][C][=O][C][C][C][Ring1][Ring1][=C][Ring1][P]
25,PubChem17397912,O=C(COC(=O)c1ccc(F)cc1Br)c1ccc[nH]1,[O][=C][Branch2][Ring1][Ring1][C][O][C][=Branch1][C][=O][C][=C][C][=C][Branch1][C][F][C][=C][Ring1][#Branch1][Br][C][=C][C][=C][NH1][Ring1][Branch1]
26,PubChem47206880,CC(C)(C)NC(=O)CS(=O)(=O)Cc1nnnn1C1CC1,[C][C][Branch1][C][C][Branch1][C][C][N][C][=Branch1][C][=O][C][S][=Branch1][C][=O][=Branch1][C][=O][C][C][=N][N][=N][N][Ring1][Branch1][C][C][C][Ring1][Ring1]
27,PubChem47207122,CC(C)CNC(=O)CS(=O)(=O)Cc1nc(C2CC2)no1,[C][C][Branch1][C][C][C][N][C][=Branch1][C][=O][C][S][=Branch1][C][=O][=Branch1][C][=O][C][C][=N][C][Branch1][=Branch1][C][C][C][Ring1][Ring1][=N][O][Ring1][Branch2]
28,PubChem7847565,O=C(COc1ccccc1Br)NCc1ccc(F)cc1,[O][=C][Branch1][N][C][O][C][=C][C][=C][C][=C][Ring1][=Branch1][Br][N][C][C][=C][C][=C][Branch1][C][F][C][=C][Ring1][#Branch1]
29,PubChem7847590,Cc1ccc(NC(=O)COc2ccccc2Br)c(F)c1,[C][C][=C][C][=C][Branch1][P][N][C][=Branch1][C][=O][C][O][C][=C][C][=C][C][=C][Ring1][=Branch1][Br][C][Branch1][C][F][=C][Ring2][Ring1][Ring1]
30,PubChem7847824,CNC(=O)NC(=O)CSc1c(Cl)cccc1Cl,[C][N][C][=Branch1][C][=O][N][C][=Branch1][C][=O][C][S][C][=C][Branch1][C][Cl][C][=C][C][=C][Ring1][#Branch1][Cl]
31,PubChem7847825,COc1ccc(CNC(=O)[C@H](C)Sc2c(Cl)cccc2Cl)cc1,[C][O][C][=C][C][=C][Branch2][Ring1][Branch2][C][N][C][=Branch1][C][=O][C@H1][Branch1][C][C][S][C][=C][Branch1][C][Cl][C][=C][C][=C][Ring1][#Branch1][Cl][C][=C][Ring2][Ring1][Branch1]
32,PubChem7847826,C[C@@H](OC(=O)c1ccc(-c2ccc(Cl)cc2)s1)C(=O)NC1CC1,[C][C@@H1][Branch2][Ring1][#Branch2][O][C][=Branch1][C][=O][C][=C][C][=C][Branch1][N][C][=C][C][=C][Branch1][C][Cl][C][=C][Ring1][#Branch1][S][Ring1][N][C][=Branch1][C][=O][N][C][C][C][Ring1][Ring1]
33,PubChem7847830,CCOC(=O)NC(=O)CSc1c(Cl)cccc1Cl,[C][C][O][C][=Branch1][C][=O][N][C][=Branch1][C][=O][C][S][C][=C][Branch1][C][Cl][C][=C][C][=C][Ring1][#Branch1][Cl]
34,PubChem7847844,CNC(=O)NC(=O)[C@H](C)Sc1c(Cl)cccc1Cl,[C][N][C][=Branch1][C][=O][N][C][=Branch1][C][=O][C@H1][Branch1][C][C][S][C][=C][Branch1][C][Cl][C][=C][C][=C][Ring1][#Branch1][Cl]
35,PubChem17397514,O=C(Cn1ccc2ccccc2c1=O)Nc1ccc(OC(F)F)cc1,[O][=C][Branch1][P][C][N][C][=C][C][=C][C][=C][C][=C][Ring1][=Branch1][C][Ring1][#Branch2][=O][N][C][=C][C][=C][Branch1][#Branch1][O][C][Branch1][C][F][F][C][=C][Ring1][#Branch2]
36,PubChem17397831,Cc1nc2ccc(Cl)cc2cc1C(=O)NCC(=O)NCc1ccco1,[C][C][=N][C][=C][C][=C][Branch1][C][Cl][C][=C][Ring1][#Branch1][C][=C][Ring1][O][C][=Branch1][C][=O][N][C][C][=Branch1][C][=O][N][C][C][=C][C][=C][O][Ring1][Branch1]
37,PubChem7847640,Cc1ccc(NC(=O)COC(=O)CNS(=O)(=O)c2ccc3c(c2)CCCC3)cc1,[C][C][=C][C][=C][Branch2][Ring2][Branch1][N][C][=Branch1][C][=O][C][O][C][=Branch1][C][=O][C][N][S][=Branch1][C][=O][=Branch1][C][=O][C][=C][C][=C][C][=Branch1][Ring2][=C][Ring1][=Branch1][C][C][C][C][Ring1][#Branch1][C][=C][Ring2][Ring1][N]
38,PubChem7848023,CCCOc1c(Cl)cc(/C=C/C(=O)O[C@@H](C)C(=O)NC2CC2)cc1OC,[C][C][C][O][C][=C][Branch1][C][Cl][C][=C][Branch2][Ring1][=Branch1][/C][=C][/C][=Branch1][C][=O][O][C@@H1][Branch1][C][C][C][=Branch1][C][=O][N][C][C][C][Ring1][Ring1][C][=C][Ring2][Ring1][Ring2][O][C]
39,PubChem7848026,CC(C)CCC(=O)OCc1nnc(-c2ccc([N+](=O)[O-])cc2)o1,[C][C][Branch1][C][C][C][C][C][=Branch1][C][=O][O][C][C][=N][N][=C][Branch1][S][C][=C][C][=C][Branch1][=Branch1][N+1][=Branch1][C][=O][O-1][C][=C][Ring1][=Branch2][O][Ring1][=C]
40,PubChem7848027,CCCOc1c(Cl)cc(/C=C/C(=O)OCc2ccc(C#N)cc2)cc1OC,[C][C][C][O][C][=C][Branch1][C][Cl][C][=C][Branch2][Ring1][Branch1][/C][=C][/C][=Branch1][C][=O][O][C][C][=C][C][=C][Branch1][Ring1][C][#N][C][=C][Ring1][Branch2][C][=C][Ring2][Ring1][Branch1][O][C]
41,PubChem7847602,Cc1cc(C(=O)COc2ccccc2Br)c(C)n1C[C@@H]1CCCO1,[C][C][=C][C][Branch1][S][C][=Branch1][C][=O][C][O][C][=C][C][=C][C][=C][Ring1][=Branch1][Br][=C][Branch1][C][C][N][Ring1][P][C][C@@H1][C][C][C][O][Ring1][Branch1]
42,PubChem7847776,Cc1cccc([N+](=O)[O-])c1NC(=O)CSc1c(Cl)cccc1Cl,[C][C][=C][C][=C][C][Branch1][=Branch1][N+1][=Branch1][C][=O][O-1][=C][Ring1][=Branch2][N][C][=Branch1][C][=O][C][S][C][=C][Branch1][C][Cl][C][=C][C][=C][Ring1][#Branch1][Cl]
43,PubChem7847840,CCNC(=O)NC(=O)CSc1c(Cl)cccc1Cl,[C][C][N][C][=Branch1][C][=O][N][C][=Branch1][C][=O][C][S][C][=C][Branch1][C][Cl][C][=C][C][=C][Ring1][#Branch1][Cl]
44,PubChem7848181,COc1cccc(-c2noc(COC(=O)c3ccc4c(c3)NC(=O)CCS4)n2)c1,[C][O][C][=C][C][=C][C][Branch2][Ring2][=Branch1][C][=N][O][C][Branch2][Ring1][O][C][O][C][=Branch1][C][=O][C][=C][C][=C][C][=Branch1][Ring2][=C][Ring1][=Branch1][N][C][=Branch1][C][=O][C][C][S][Ring1][=Branch2][=N][Ring2][Ring1][Branch1][=C][Ring2][Ring1][O]
45,PubChem17397962,O=C(CCC(=O)N1CCC(c2ccccc2)=N1)Nc1ccccc1F,[O][=C][Branch2][Ring1][Branch2][C][C][C][=Branch1][C][=O][N][C][C][C][Branch1][=Branch2][C][=C][C][=C][C][=C][Ring1][=Branch1][=N][Ring1][O][N][C][=C][C][=C][C][=C][Ring1][=Branch1][F]
46,PubChem7847204,Cc1ccc(-c2nn(-c3ccccc3)cc2C(=O)OCC(=O)c2ccc(F)cc2)cc1,[C][C][=C][C][=C][Branch2][Ring2][#Branch1][C][=N][N][Branch1][=Branch2][C][=C][C][=C][C][=C][Ring1][=Branch1][C][=C][Ring1][O][C][=Branch1][C][=O][O][C][C][=Branch1][C][=O][C][=C][C][=C][Branch1][C][F][C][=C][Ring1][#Branch1][C][=C][Ring2][Ring1][=C]
47,PubChem47206600,O=C(CS(=O)(=O)Cc1cccc(Br)c1)NC1CC1,[O][=C][Branch2][Ring1][Branch1][C][S][=Branch1][C][=O][=Branch1][C][=O][C][C][=C][C][=C][C][Branch1][C][Br][=C][Ring1][#Branch1][N][C][C][C][Ring1][Ring1]
48,PubChem7847699,CC(C)c1ccc(CSc2nnc(S[C@@H](C)C#N)s2)cc1,[C][C][Branch1][C][C][C][=C][C][=C][Branch2][Ring1][Ring1][C][S][C][=N][N][=C][Branch1][Branch2][S][C@@H1][Branch1][C][C][C][#N][S][Ring1][#Branch2][C][=C][Ring2][Ring1][C]
49,PubChem7847743,N#Cc1ccsc1NC(=O)COC(=O)c1ccc(-c2ccc(Cl)cc2)s1,[N][#C][C][C][=C][S][C][=Ring1][Branch1][N][C][=Branch1][C][=O][C][O][C][=Branch1][C][=O][C][=C][C][=C][Branch1][N][C][=C][C][=C][Branch1][C][Cl][C][=C][Ring1][#Branch1][S][Ring1][N]
50,PubChem7847744,C[C@H](NC(=O)COc1ccccc1Br)c1ccc(Cl)cc1,[C][C@H1][Branch1][P][N][C][=Branch1][C][=O][C][O][C][=C][C][=C][C][=C][Ring1][=Branch1][Br][C][=C][C][=C][Branch1][C][Cl][C][=C][Ring1][#Branch1]
51,PubChem7849103,Cc1ccc(S(C)(=O)=O)cc1C(=O)OCC(=O)NC(=O)NCCC1=CCCCC1,[C][C][=C][C][=C][Branch1][=Branch2][S][Branch1][C][C][=Branch1][C][=O][=O][C][=C][Ring1][#Branch2][C][=Branch1][C][=O][O][C][C][=Branch1][C][=O][N][C][=Branch1][C][=O][N][C][C][C][=C][C][C][C][C][Ring1][=Branch1]
52,PubChem7847594,O=C(COc1ccccc1Br)Nc1ccccc1OC(F)F,[O][=C][Branch1][N][C][O][C][=C][C][=C][C][=C][Ring1][=Branch1][Br][N][C][=C][C][=C][C][=C][Ring1][=Branch1][O][C][Branch1][C][F][F]
53,PubChem7847292,CC(C)[C@@H](OC(=O)COc1ccccc1Cl)C(=O)NC(N)=O,[C][C][Branch1][C][C][C@@H1][Branch1][P][O][C][=Branch1][C][=O][C][O][C][=C][C][=C][C][=C][Ring1][=Branch1][Cl][C][=Branch1][C][=O][N][C][Branch1][C][N][=O]
54,PubChem7847359,Clc1cccc(Cl)c1C[NH2+]C1CCCCC1,[Cl][C][=C][C][=C][C][Branch1][C][Cl][=C][Ring1][#Branch1][C][NH2+1][C][C][C][C][C][C][Ring1][=Branch1]
55,PubChem7847395,CC(C)(C)c1ccc(SCC(=O)N(c2ccccc2)[C@@H]2CCS(=O)(=O)C2)cc1,[C][C][Branch1][C][C][Branch1][C][C][C][=C][C][=C][Branch2][Ring1][#C][S][C][C][=Branch1][C][=O][N][Branch1][=Branch2][C][=C][C][=C][C][=C][Ring1][=Branch1][C@@H1][C][C][S][=Branch1][C][=O][=Branch1][C][=O][C][Ring1][#Branch1][C][=C][Ring2][Ring1][Branch2]
56,PubChem7847397,Cc1cc(C(=O)CSc2ccc(C(C)(C)C)cc2)c(C)n1[C@@H]1CCS(=O)(=O)C1,[C][C][=C][C][Branch2][Ring1][=Branch2][C][=Branch1][C][=O][C][S][C][=C][C][=C][Branch1][=Branch2][C][Branch1][C][C][Branch1][C][C][C][C][=C][Ring1][#Branch2][=C][Branch1][C][C][N][Ring2][Ring1][Ring2][C@@H1][C][C][S][=Branch1][C][=O][=Branch1][C][=O][C][Ring1][#Branch1]
57,PubChem7847404,CC(C)(C)c1ccc(SCC(=O)NCCc2ccc(S(N)(=O)=O)cc2)cc1,[C][C][Branch1][C][C][Branch1][C][C][C][=C][C][=C][Branch2][Ring1][N][S][C][C][=Branch1][C][=O][N][C][C][C][=C][C][=C][Branch1][=Branch2][S][Branch1][C][N][=Branch1][C][=O][=O][C][=C][Ring1][#Branch2][C][=C][Ring2][Ring1][#Branch1]
58,PubChem7847530,O=C(CNS(=O)(=O)c1ccc2c(c1)CCCC2)OCCOc1ccc(F)cc1,[O][=C][Branch2][Ring1][#Branch2][C][N][S][=Branch1][C][=O][=Branch1][C][=O][C][=C][C][=C][C][=Branch1][Ring2][=C][Ring1][=Branch1][C][C][C][C][Ring1][#Branch1][O][C][C][O][C][=C][C][=C][Branch1][C][F][C][=C][Ring1][#Branch1]
59,PubChem7847540,O=C(COC(=O)CNS(=O)(=O)c1ccc2c(c1)CCCC2)NCC(F)(F)F,[O][=C][Branch2][Ring1][S][C][O][C][=Branch1][C][=O][C][N][S][=Branch1][C][=O][=Branch1][C][=O][C][=C][C][=C][C][=Branch1][Ring2][=C][Ring1][=Branch1][C][C][C][C][Ring1][#Branch1][N][C][C][Branch1][C][F][Branch1][C][F][F]
60,PubChem7847596,O=C(COc1ccccc1Br)Nc1ccc2c(c1)CCC2,[O][=C][Branch1][N][C][O][C][=C][C][=C][C][=C][Ring1][=Branch1][Br][N][C][=C][C][=C][C][=Branch1][Ring2][=C][Ring1][=Branch1][C][C][C][Ring1][=Branch1]
61,PubChem7847603,C[C@H](C#N)OC(=O)CNS(=O)(=O)c1ccc2c(c1)CCCC2,[C][C@H1][Branch1][Ring1][C][#N][O][C][=Branch1][C][=O][C][N][S][=Branch1][C][=O][=Branch1][C][=O][C][=C][C][=C][C][=Branch1][Ring2][=C][Ring1][=Branch1][C][C][C][C][Ring1][#Branch1]
62,PubChem7847609,O=C(COc1ccccc1Br)Nc1cc(Cl)ccc1-n1cncn1,[O][=C][Branch1][N][C][O][C][=C][C][=C][C][=C][Ring1][=Branch1][Br][N][C][=C][C][Branch1][C][Cl][=C][C][=C][Ring1][#Branch1][N][C][=N][C][=N][Ring1][Branch1]
63,PubChem7847610,CC(C)[C@@H](OC(=O)CNS(=O)(=O)c1ccc2c(c1)CCCC2)C(=O)NC(N)=O,[C][C][Branch1][C][C][C@@H1][Branch2][Ring1][#C][O][C][=Branch1][C][=O][C][N][S][=Branch1][C][=O][=Branch1][C][=O][C][=C][C][=C][C][=Branch1][Ring2][=C][Ring1][=Branch1][C][C][C][C][Ring1][#Branch1][C][=Branch1][C][=O][N][C][Branch1][C][N][=O]
64,PubChem7847611,C[C@H](NC(=O)COc1ccccc1Br)c1cccs1,[C][C@H1][Branch1][P][N][C][=Branch1][C][=O][C][O][C][=C][C][=C][C][=C][Ring1][=Branch1][Br][C][=C][C][=C][S][Ring1][Branch1]
65,PubChem7847612,C[C@H](OC(=O)CNS(=O)(=O)c1ccc2c(c1)CCCC2)C(=O)NC1CC1,[C][C@H1][Branch2][Ring1][#C][O][C][=Branch1][C][=O][C][N][S][=Branch1][C][=O][=Branch1][C][=O][C][=C][C][=C][C][=Branch1][Ring2][=C][Ring1][=Branch1][C][C][C][C][Ring1][#Branch1][C][=Branch1][C][=O][N][C][C][C][Ring1][Ring1]
66,PubChem7847613,C[C@@H](NC(=O)COc1ccccc1Br)c1cccs1,[C][C@@H1][Branch1][P][N][C][=Branch1][C][=O][C][O][C][=C][C][=C][C][=C][Ring1][=Branch1][Br][C][=C][C][=C][S][Ring1][Branch1]
67,PubChem7847614,C[C@H](NC(=O)COc1ccccc1Br)c1ccc(F)cc1F,[C][C@H1][Branch1][P][N][C][=Branch1][C][=O][C][O][C][=C][C][=C][C][=C][Ring1][=Branch1][Br][C][=C][C][=C][Branch1][C][F][C][=C][Ring1][#Branch1][F]
68,PubChem7847615,C[C@@H](OC(=O)CNS(=O)(=O)c1ccc2c(c1)CCCC2)C(=O)NC1CC1,[C][C@@H1][Branch2][Ring1][#C][O][C][=Branch1][C][=O][C][N][S][=Branch1][C][=O][=Branch1][C][=O][C][=C][C][=C][C][=Branch1][Ring2][=C][Ring1][=Branch1][C][C][C][C][Ring1][#Branch1][C][=Branch1][C][=O][N][C][C][C][Ring1][Ring1]
69,PubChem7847616,C[C@@H](NC(=O)COc1ccccc1Br)c1ccc(F)cc1F,[C][C@@H1][Branch1][P][N][C][=Branch1][C][=O][C][O][C][=C][C][=C][C][=C][Ring1][=Branch1][Br][C][=C][C][=C][Branch1][C][F][C][=C][Ring1][#Branch1][F]
70,PubChem7847759,CNC(=O)COC(=O)c1ccc(-c2ccc(Cl)cc2)s1,[C][N][C][=Branch1][C][=O][C][O][C][=Branch1][C][=O][C][=C][C][=C][Branch1][N][C][=C][C][=C][Branch1][C][Cl][C][=C][Ring1][#Branch1][S][Ring1][N]
71,PubChem7847762,CC(C)[C@](C)(C#N)NC(=O)COC(=O)c1ccc(-c2ccc(Cl)cc2)s1,[C][C][Branch1][C][C][C@][Branch1][C][C][Branch1][Ring1][C][#N][N][C][=Branch1][C][=O][C][O][C][=Branch1][C][=O][C][=C][C][=C][Branch1][N][C][=C][C][=C][Branch1][C][Cl][C][=C][Ring1][#Branch1][S][Ring1][N]
72,PubChem7847769,COc1ccc([N+](=O)[O-])cc1NC(=O)[C@@H](C)Sc1c(Cl)cccc1Cl,[C][O][C][=C][C][=C][Branch1][=Branch1][N+1][=Branch1][C][=O][O-1][C][=C][Ring1][=Branch2][N][C][=Branch1][C][=O][C@@H1][Branch1][C][C][S][C][=C][Branch1][C][Cl][C][=C][C][=C][Ring1][#Branch1][Cl]
73,PubChem7848134,Cc1cc(C)c(C(=O)COC(=O)c2ccc3c(c2)NC(=O)CCS3)c(C)c1,[C][C][=C][C][Branch1][C][C][=C][Branch2][Ring1][#C][C][=Branch1][C][=O][C][O][C][=Branch1][C][=O][C][=C][C][=C][C][=Branch1][Ring2][=C][Ring1][=Branch1][N][C][=Branch1][C][=O][C][C][S][Ring1][=Branch2][C][Branch1][C][C][=C][Ring2][Ring1][#Branch2]
74,PubChem7848316,CC(C)N(C(=O)COC(=O)c1ccc2c(c1)NC(=O)CCS2)C(C)C,[C][C][Branch1][C][C][N][Branch2][Ring1][#C][C][=Branch1][C][=O][C][O][C][=Branch1][C][=O][C][=C][C][=C][C][=Branch1][Ring2][=C][Ring1][=Branch1][N][C][=Branch1][C][=O][C][C][S][Ring1][=Branch2][C][Branch1][C][C][C]
75,PubChem7849312,COC(=O)c1ccc2c(=O)n(C[C@H]3CCCO3)c(S[C@@H]3CCOC3=O)nc2c1,[C][O][C][=Branch1][C][=O][C][=C][C][=C][C][=Branch1][C][=O][N][Branch1][=Branch2][C][C@H1][C][C][C][O][Ring1][Branch1][C][Branch1][#Branch2][S][C@@H1][C][C][O][C][Ring1][Branch1][=O][=N][C][Ring2][Ring1][Ring2][=C][Ring2][Ring1][Branch2]
76,PubChem7849517,Cc1ccc(S(C)(=O)=O)cc1C(=O)O[C@H](C)C(=O)Nc1ccccc1,[C][C][=C][C][=C][Branch1][=Branch2][S][Branch1][C][C][=Branch1][C][=O][=O][C][=C][Ring1][#Branch2][C][=Branch1][C][=O][O][C@H1][Branch1][C][C][C][=Branch1][C][=O][N][C][=C][C][=C][C][=C][Ring1][=Branch1]
77,PubChem17397334,COc1ccc(S(=O)(=O)NCc2ccc(Cl)cc2)cc1NC(C)=O,[C][O][C][=C][C][=C][Branch2][Ring1][Branch1][S][=Branch1][C][=O][=Branch1][C][=O][N][C][C][=C][C][=C][Branch1][C][Cl][C][=C][Ring1][#Branch1][C][=C][Ring2][Ring1][C][N][C][Branch1][C][C][=O]
78,PubChem47206715,CCC(C)(C)NC(=O)CS(=O)(=O)Cc1ccc(Br)cc1,[C][C][C][Branch1][C][C][Branch1][C][C][N][C][=Branch1][C][=O][C][S][=Branch1][C][=O][=Branch1][C][=O][C][C][=C][C][=C][Branch1][C][Br][C][=C][Ring1][#Branch1]
79,PubChem47207130,CCS(=O)(=O)C(C)C(=O)Nc1ccc(C)c(F)c1,[C][C][S][=Branch1][C][=O][=Branch1][C][=O][C][Branch1][C][C][C][=Branch1][C][=O][N][C][=C][C][=C][Branch1][C][C][C][Branch1][C][F][=C][Ring1][Branch2]
80,PubChem47207764,CCC(C)NC(=O)C(C)S(=O)(=O)Cc1cc(C)on1,[C][C][C][Branch1][C][C][N][C][=Branch1][C][=O][C][Branch1][C][C][S][=Branch1][C][=O][=Branch1][C][=O][C][C][C][=C][Branch1][C][C][O][N][=Ring1][=Branch1]
81,PubChem7847708,O=C(COc1ccccc1Br)NCc1ccc2c(c1)OCO2,[O][=C][Branch1][N][C][O][C][=C][C][=C][C][=C][Ring1][=Branch1][Br][N][C][C][=C][C][=C][C][=Branch1][Ring2][=C][Ring1][=Branch1][O][C][O][Ring1][=Branch1]
82,PubChem7847713,CC(C)c1ccc(CSc2nnc(SCC(=O)NC3CCCCC3)s2)cc1,[C][C][Branch1][C][C][C][=C][C][=C][Branch2][Ring1][O][C][S][C][=N][N][=C][Branch1][S][S][C][C][=Branch1][C][=O][N][C][C][C][C][C][C][Ring1][=Branch1][S][Ring1][S][C][=C][Ring2][Ring1][Branch2]
83,PubChem7849331,Cc1ccc(S(C)(=O)=O)cc1C(=O)OCC(=O)NC[C@H](C)c1ccccc1,[C][C][=C][C][=C][Branch1][=Branch2][S][Branch1][C][C][=Branch1][C][=O][=O][C][=C][Ring1][#Branch2][C][=Branch1][C][=O][O][C][C][=Branch1][C][=O][N][C][C@H1][Branch1][C][C][C][=C][C][=C][C][=C][Ring1][=Branch1]
84,PubChem7847349,CCCCc1ccc(NC(=O)COC(=O)COc2ccccc2Cl)cc1,[C][C][C][C][C][=C][C][=C][Branch2][Ring1][#Branch1][N][C][=Branch1][C][=O][C][O][C][=Branch1][C][=O][C][O][C][=C][C][=C][C][=C][Ring1][=Branch1][Cl][C][=C][Ring2][Ring1][=Branch1]
85,PubChem7847517,CCc1cc(C(=O)OCC(=O)Nc2ccc(Cl)cc2[N+](=O)[O-])sc1C,[C][C][C][C][=C][Branch2][Ring1][N][C][=Branch1][C][=O][O][C][C][=Branch1][C][=O][N][C][=C][C][=C][Branch1][C][Cl][C][=C][Ring1][#Branch1][N+1][=Branch1][C][=O][O-1][S][C][=Ring2][Ring1][=Branch1][C]
86,PubChem7847579,O=C1CN(C(=O)COc2ccccc2Br)c2ccccc2N1,[O][=C][C][N][Branch1][S][C][=Branch1][C][=O][C][O][C][=C][C][=C][C][=C][Ring1][=Branch1][Br][C][=C][C][=C][C][=C][Ring1][=Branch1][N][Ring2][Ring1][Branch1]
87,PubChem7848319,Cc1cc(NC(=O)COC(=O)CCC(C)C)ccc1Br,[C][C][=C][C][Branch2][Ring1][Ring1][N][C][=Branch1][C][=O][C][O][C][=Branch1][C][=O][C][C][C][Branch1][C][C][C][=C][C][=C][Ring2][Ring1][C][Br]
88,PubChem17396717,NC(=O)c1cccc(NC(=O)c2ccc3ncsc3c2)c1,[N][C][=Branch1][C][=O][C][=C][C][=C][C][Branch2][Ring1][Ring1][N][C][=Branch1][C][=O][C][=C][C][=C][N][=C][S][C][Ring1][Branch1][=C][Ring1][=Branch2][=C][Ring2][Ring1][C]
89,PubChem7847522,O=C(CNS(=O)(=O)c1ccc2c(c1)CCCC2)OCc1nnc(-c2ccco2)o1,[O][=C][Branch2][Ring1][#Branch2][C][N][S][=Branch1][C][=O][=Branch1][C][=O][C][=C][C][=C][C][=Branch1][Ring2][=C][Ring1][=Branch1][C][C][C][C][Ring1][#Branch1][O][C][C][=N][N][=C][Branch1][Branch2][C][=C][C][=C][O][Ring1][Branch1][O][Ring1][#Branch2]
90,PubChem7847629,COC(=O)c1ccc(COC(=O)CNS(=O)(=O)c2ccc3c(c2)CCCC3)cc1,[C][O][C][=Branch1][C][=O][C][=C][C][=C][Branch2][Ring1][S][C][O][C][=Branch1][C][=O][C][N][S][=Branch1][C][=O][=Branch1][C][=O][C][=C][C][=C][C][=Branch1][Ring2][=C][Ring1][=Branch1][C][C][C][C][Ring1][#Branch1][C][=C][Ring2][Ring1][=Branch2]
91,PubChem47206270,CCNC(=O)C(C)NS(=O)(=O)c1ccc(C#N)c(Cl)c1,[C][C][N][C][=Branch1][C][=O][C][Branch1][C][C][N][S][=Branch1][C][=O][=Branch1][C][=O][C][=C][C][=C][Branch1][Ring1][C][#N][C][Branch1][C][Cl][=C][Ring1][=Branch2]
92,PubChem7847682,O=C(COc1ccccc1Br)Nc1ccc(F)cc1Cl,[O][=C][Branch1][N][C][O][C][=C][C][=C][C][=C][Ring1][=Branch1][Br][N][C][=C][C][=C][Branch1][C][F][C][=C][Ring1][#Branch1][Cl]
93,PubChem7847704,Cc1ccc(Cl)c(NC(=O)COc2ccccc2Br)c1Cl,[C][C][=C][C][=C][Branch1][C][Cl][C][Branch1][P][N][C][=Branch1][C][=O][C][O][C][=C][C][=C][C][=C][Ring1][=Branch1][Br][=C][Ring2][Ring1][Ring1][Cl]
94,PubChem17397916,O=C(Cc1c[nH]c2ccccc12)Nc1ccccc1OC(F)(F)F,[O][=C][Branch1][#C][C][C][=C][NH1][C][=C][C][=C][C][=C][Ring1][=Branch2][Ring1][=Branch1][N][C][=C][C][=C][C][=C][Ring1][=Branch1][O][C][Branch1][C][F][Branch1][C][F][F]
95,PubChem7847685,C[C@H](CCc1ccccc1)NC(=O)COc1ccccc1Br,[C][C@H1][Branch1][O][C][C][C][=C][C][=C][C][=C][Ring1][=Branch1][N][C][=Branch1][C][=O][C][O][C][=C][C][=C][C][=C][Ring1][=Branch1][Br]
96,PubChem7849320,COC(=O)c1ccc2c(=O)n(C[C@@H]3CCCO3)c(S[C@@H]3CCCCC3=O)nc2c1,[C][O][C][=Branch1][C][=O][C][=C][C][=C][C][=Branch1][C][=O][N][Branch1][=Branch2][C][C@@H1][C][C][C][O][Ring1][Branch1][C][Branch1][O][S][C@@H1][C][C][C][C][C][Ring1][=Branch1][=O][=N][C][Ring2][Ring1][Branch1][=C][Ring2][Ring1][=Branch2]
97,PubChem7849321,Cc1ccc(S(C)(=O)=O)cc1C(=O)OCc1nc(-c2ccccc2C)no1,[C][C][=C][C][=C][Branch1][=Branch2][S][Branch1][C][C][=Branch1][C][=O][=O][C][=C][Ring1][#Branch2][C][=Branch1][C][=O][O][C][C][=N][C][Branch1][#Branch2][C][=C][C][=C][C][=C][Ring1][=Branch1][C][=N][O][Ring1][N]
98,PubChem7847683,C[C@@H](CCc1ccccc1)NC(=O)COc1ccccc1Br,[C][C@@H1][Branch1][O][C][C][C][=C][C][=C][C][=C][Ring1][=Branch1][N][C][=Branch1][C][=O][C][O][C][=C][C][=C][C][=C][Ring1][=Branch1][Br]
99,PubChem7847430,C[C@H](Sc1ccc(C(C)(C)C)cc1)C(=O)Nc1ccc(S(N)(=O)=O)cc1,[C][C@H1][Branch2][Ring1][Ring2][S][C][=C][C][=C][Branch1][=Branch2][C][Branch1][C][C][Branch1][C][C][C][C][=C][Ring1][#Branch2][C][=Branch1][C][=O][N][C][=C][C][=C][Branch1][=Branch2][S][Branch1][C][N][=Branch1][C][=O][=O][C][=C][Ring1][#Branch2]
100,PubChem7847706,O=C(COc1ccccc1Br)Nc1ccc2ccccc2c1,[O][=C][Branch1][N][C][O][C][=C][C][=C][C][=C][Ring1][=Branch1][Br][N][C][=C][C][=C][C][=C][C][=C][C][Ring1][=Branch1][=C][Ring1][#Branch2]
101,PubChem7848513,C[C@H](OC(=O)c1ccc2c(c1)NC(=O)CCS2)C(=O)NCCc1ccc(F)cc1,[C][C@H1][Branch2][Ring1][#Branch2][O][C][=Branch1][C][=O][C][=C][C][=C][C][=Branch1][Ring2][=C][Ring1][=Branch1][N][C][=Branch1][C][=O][C][C][S][Ring1][=Branch2][C][=Branch1][C][=O][N][C][C][C][=C][C][=C][Branch1][C][F][C][=C][Ring1][#Branch1]
102,PubChem7847702,CC(C)c1ccc(CSc2nnc(S[C@@H](C)C(=O)NC3CC3)s2)cc1,[C][C][Branch1][C][C][C][=C][C][=C][Branch2][Ring1][O][C][S][C][=N][N][=C][Branch1][S][S][C@@H1][Branch1][C][C][C][=Branch1][C][=O][N][C][C][C][Ring1][Ring1][S][Ring1][=C][C][=C][Ring2][Ring1][=Branch1]
103,PubChem7847417,CC(C)(C)c1ccc(SCC(=O)NNC(=O)c2ccc([N+](=O)[O-])cc2)cc1,[C][C][Branch1][C][C][Branch1][C][C][C][=C][C][=C][Branch2][Ring1][N][S][C][C][=Branch1][C][=O][N][N][C][=Branch1][C][=O][C][=C][C][=C][Branch1][=Branch1][N+1][=Branch1][C][=O][O-1][C][=C][Ring1][=Branch2][C][=C][Ring2][Ring1][#Branch1]
104,PubChem7847411,CC(C)[C@](C)(C#N)NC(=O)CSc1ccc(C(C)(C)C)cc1,[C][C][Branch1][C][C][C@][Branch1][C][C][Branch1][Ring1][C][#N][N][C][=Branch1][C][=O][C][S][C][=C][C][=C][Branch1][=Branch2][C][Branch1][C][C][Branch1][C][C][C][C][=C][Ring1][#Branch2]
105,PubChem7847301,C[C@@H](OC(=O)COc1ccccc1Cl)C(=O)Nc1ccc(F)c(F)c1F,[C][C@@H1][Branch1][P][O][C][=Branch1][C][=O][C][O][C][=C][C][=C][C][=C][Ring1][=Branch1][Cl][C][=Branch1][C][=O][N][C][=C][C][=C][Branch1][C][F][C][Branch1][C][F][=C][Ring1][Branch2][F]
106,PubChem7847340,Cc1ccc(NC(=O)COC(=O)COc2ccccc2Cl)c(C)c1,[C][C][=C][C][=C][Branch2][Ring1][#Branch1][N][C][=Branch1][C][=O][C][O][C][=Branch1][C][=O][C][O][C][=C][C][=C][C][=C][Ring1][=Branch1][Cl][C][Branch1][C][C][=C][Ring2][Ring1][#Branch1]
107,PubChem7847587,CCNC(=O)NC(=O)COC(=O)CNS(=O)(=O)c1ccc2c(c1)CCCC2,[C][C][N][C][=Branch1][C][=O][N][C][=Branch1][C][=O][C][O][C][=Branch1][C][=O][C][N][S][=Branch1][C][=O][=Branch1][C][=O][C][=C][C][=C][C][=Branch1][Ring2][=C][Ring1][=Branch1][C][C][C][C][Ring1][#Branch1]
108,PubChem7847714,O=C(COc1ccccc1Br)Nc1cccc(Cl)c1Cl,[O][=C][Branch1][N][C][O][C][=C][C][=C][C][=C][Ring1][=Branch1][Br][N][C][=C][C][=C][C][Branch1][C][Cl][=C][Ring1][#Branch1][Cl]
109,PubChem7849153,COC(=O)c1ccc2c(=O)n(C[C@H](C)O)c(SCC(=O)NC3CC3)nc2c1,[C][O][C][=Branch1][C][=O][C][=C][C][=C][C][=Branch1][C][=O][N][Branch1][#Branch1][C][C@H1][Branch1][C][C][O][C][Branch1][=N][S][C][C][=Branch1][C][=O][N][C][C][C][Ring1][Ring1][=N][C][Ring2][Ring1][Ring1][=C][Ring2][Ring1][#Branch1]
110,PubChem17396664,Cc1ccc(Cl)c(NC(=O)CN(C)C(C)c2cccs2)c1Cl,[C][C][=C][C][=C][Branch1][C][Cl][C][Branch2][Ring1][=Branch1][N][C][=Branch1][C][=O][C][N][Branch1][C][C][C][Branch1][C][C][C][=C][C][=C][S][Ring1][Branch1][=C][Ring2][Ring1][Ring2][Cl]
111,PubChem7847286,O=C(COc1ccccc1Cl)OCN1C(=O)c2ccccc2C1=O,[O][=C][Branch1][N][C][O][C][=C][C][=C][C][=C][Ring1][=Branch1][Cl][O][C][N][C][=Branch1][C][=O][C][=C][C][=C][C][=C][Ring1][=Branch1][C][Ring1][#Branch2][=O]
112,PubChem7847401,CC(C)(C)c1ccc(SCC(=O)Nc2ccccc2OC(F)F)cc1,[C][C][Branch1][C][C][Branch1][C][C][C][=C][C][=C][Branch2][Ring1][=Branch1][S][C][C][=Branch1][C][=O][N][C][=C][C][=C][C][=C][Ring1][=Branch1][O][C][Branch1][C][F][F][C][=C][Ring2][Ring1][Branch1]
113,PubChem7847445,C[C@H](Sc1ccc(C(C)(C)C)cc1)C(=O)Nc1ccccc1C#N,[C][C@H1][Branch2][Ring1][Ring2][S][C][=C][C][=C][Branch1][=Branch2][C][Branch1][C][C][Branch1][C][C][C][C][=C][Ring1][#Branch2][C][=Branch1][C][=O][N][C][=C][C][=C][C][=C][Ring1][=Branch1][C][#N]
114,PubChem7847446,CCc1cc(C(=O)OCC(=O)NCc2ccc(C(=O)OC)cc2)sc1C,[C][C][C][C][=C][Branch2][Ring1][=N][C][=Branch1][C][=O][O][C][C][=Branch1][C][=O][N][C][C][=C][C][=C][Branch1][#Branch1][C][=Branch1][C][=O][O][C][C][=C][Ring1][#Branch2][S][C][=Ring2][Ring1][#Branch1][C]
115,PubChem7847484,COc1ccc(CCNC(=O)CSc2ccc(C(C)(C)C)cc2)cc1OC,[C][O][C][=C][C][=C][Branch2][Ring1][N][C][C][N][C][=Branch1][C][=O][C][S][C][=C][C][=C][Branch1][=Branch2][C][Branch1][C][C][Branch1][C][C][C][C][=C][Ring1][#Branch2][C][=C][Ring2][Ring1][#Branch1][O][C]
116,PubChem7847659,CCc1ccc2c(COc3ccccc3Br)cc(=O)oc2c1,[C][C][C][=C][C][=C][C][Branch1][N][C][O][C][=C][C][=C][C][=C][Ring1][=Branch1][Br][=C][C][=Branch1][C][=O][O][C][Ring1][S][=C][Ring2][Ring1][Ring2]
117,PubChem7847660,CC[C@H](C)NC(=O)NC(=O)COC(=O)CNS(=O)(=O)c1ccc2c(c1)CCCC2,[C][C][C@H1][Branch1][C][C][N][C][=Branch1][C][=O][N][C][=Branch1][C][=O][C][O][C][=Branch1][C][=O][C][N][S][=Branch1][C][=O][=Branch1][C][=O][C][=C][C][=C][C][=Branch1][Ring2][=C][Ring1][=Branch1][C][C][C][C][Ring1][#Branch1]
118,PubChem7848174,COc1ccc(F)cc1C(=O)COC(=O)c1ccc2c(c1)NC(=O)CCS2,[C][O][C][=C][C][=C][Branch1][C][F][C][=C][Ring1][#Branch1][C][=Branch1][C][=O][C][O][C][=Branch1][C][=O][C][=C][C][=C][C][=Branch1][Ring2][=C][Ring1][=Branch1][N][C][=Branch1][C][=O][C][C][S][Ring1][=Branch2]
119,PubChem7847392,c1ccc(COc2ccc(C[NH2+]C[C@H]3CCCO3)cc2)cc1,[C][=C][C][=C][Branch2][Ring1][#Branch1][C][O][C][=C][C][=C][Branch1][O][C][NH2+1][C][C@H1][C][C][C][O][Ring1][Branch1][C][=C][Ring1][=C][C][=C][Ring2][Ring1][=Branch1]
120,PubChem7847439,CC(C)[C@H](Sc1ccc(C(C)(C)C)cc1)C(=O)NC(N)=O,[C][C][Branch1][C][C][C@H1][Branch2][Ring1][Ring2][S][C][=C][C][=C][Branch1][=Branch2][C][Branch1][C][C][Branch1][C][C][C][C][=C][Ring1][#Branch2][C][=Branch1][C][=O][N][C][Branch1][C][N][=O]
121,PubChem7847863,COc1ccccc1NC(=O)COC(=O)c1ccc(-c2ccc(Cl)cc2)s1,[C][O][C][=C][C][=C][C][=C][Ring1][=Branch1][N][C][=Branch1][C][=O][C][O][C][=Branch1][C][=O][C][=C][C][=C][Branch1][N][C][=C][C][=C][Branch1][C][Cl][C][=C][Ring1][#Branch1][S][Ring1][N]
122,PubChem7847888,COc1cc(/C=C/C(=O)OCC(=O)NC(=O)NC2CC2)cc(Cl)c1OCC(C)C,[C][O][C][=C][C][Branch2][Ring1][Branch2][/C][=C][/C][=Branch1][C][=O][O][C][C][=Branch1][C][=O][N][C][=Branch1][C][=O][N][C][C][C][Ring1][Ring1][=C][C][Branch1][C][Cl][=C][Ring2][Ring1][=Branch1][O][C][C][Branch1][C][C][C]
123,PubChem7848662,Cc1[nH]c2ccccc2c1C(=O)COC(=O)CN(C)S(=O)(=O)c1ccc(F)cc1,[C][C][NH1][C][=C][C][=C][C][=C][Ring1][=Branch1][C][=Ring1][=Branch2][C][=Branch1][C][=O][C][O][C][=Branch1][C][=O][C][N][Branch1][C][C][S][=Branch1][C][=O][=Branch1][C][=O][C][=C][C][=C][Branch1][C][F][C][=C][Ring1][#Branch1]
124,PubChem7848861,Cc1ccc(C)c(COC(=O)CN(C)S(=O)(=O)c2ccc(F)cc2)c1,[C][C][=C][C][=C][Branch1][C][C][C][Branch2][Ring1][=C][C][O][C][=Branch1][C][=O][C][N][Branch1][C][C][S][=Branch1][C][=O][=Branch1][C][=O][C][=C][C][=C][Branch1][C][F][C][=C][Ring1][#Branch1][=C][Ring2][Ring1][Branch2]
125,PubChem7848916,CN(CC(=O)OCc1c(Cl)cccc1Cl)S(=O)(=O)c1ccc(F)cc1,[C][N][Branch2][Ring1][Ring2][C][C][=Branch1][C][=O][O][C][C][=C][Branch1][C][Cl][C][=C][C][=C][Ring1][#Branch1][Cl][S][=Branch1][C][=O][=Branch1][C][=O][C][=C][C][=C][Branch1][C][F][C][=C][Ring1][#Branch1]
126,PubChem7847406,CC(C)(C)c1ccc(SCC(=O)N2CCNC2=O)cc1,[C][C][Branch1][C][C][Branch1][C][C][C][=C][C][=C][Branch1][#C][S][C][C][=Branch1][C][=O][N][C][C][N][C][Ring1][Branch1][=O][C][=C][Ring1][S]
127,PubChem7847585,C[C@H]1CCN(C(=O)COc2ccccc2Br)c2ccccc2S1,[C][C@H1][C][C][N][Branch1][S][C][=Branch1][C][=O][C][O][C][=C][C][=C][C][=C][Ring1][=Branch1][Br][C][=C][C][=C][C][=C][Ring1][=Branch1][S][Ring2][Ring1][=Branch1]
128,PubChem7847716,CC(C)n1nccc1NC(=O)[C@H](C)OC(=O)c1ccc(-c2ccc(Cl)cc2)s1,[C][C][Branch1][C][C][N][N][=C][C][=C][Ring1][Branch1][N][C][=Branch1][C][=O][C@H1][Branch1][C][C][O][C][=Branch1][C][=O][C][=C][C][=C][Branch1][N][C][=C][C][=C][Branch1][C][Cl][C][=C][Ring1][#Branch1][S][Ring1][N]
129,PubChem7847717,O=C(COc1ccccc1Br)NCCCc1ccccc1,[O][=C][Branch1][N][C][O][C][=C][C][=C][C][=C][Ring1][=Branch1][Br][N][C][C][C][C][=C][C][=C][C][=C][Ring1][=Branch1]
130,PubChem7847720,O=C(COC(=O)c1ccc(-c2ccc(Cl)cc2)s1)NC(=O)NC1CC1,[O][=C][Branch2][Ring1][O][C][O][C][=Branch1][C][=O][C][=C][C][=C][Branch1][N][C][=C][C][=C][Branch1][C][Cl][C][=C][Ring1][#Branch1][S][Ring1][N][N][C][=Branch1][C][=O][N][C][C][C][Ring1][Ring1]
131,PubChem7847722,CC(=O)NNC(=O)COC(=O)c1ccc(-c2ccc(Cl)cc2)s1,[C][C][=Branch1][C][=O][N][N][C][=Branch1][C][=O][C][O][C][=Branch1][C][=O][C][=C][C][=C][Branch1][N][C][=C][C][=C][Branch1][C][Cl][C][=C][Ring1][#Branch1][S][Ring1][N]
132,PubChem7847724,O=C(OCc1nnc(-c2ccco2)o1)c1ccc(-c2ccc(Cl)cc2)s1,[O][=C][Branch2][Ring1][Ring1][O][C][C][=N][N][=C][Branch1][Branch2][C][=C][C][=C][O][Ring1][Branch1][O][Ring1][#Branch2][C][=C][C][=C][Branch1][N][C][=C][C][=C][Branch1][C][Cl][C][=C][Ring1][#Branch1][S][Ring1][N]
133,PubChem7847836,C[C@H](Sc1c(Cl)cccc1Cl)C(=O)NCc1ccc2c(c1)OCO2,[C][C@H1][Branch1][=C][S][C][=C][Branch1][C][Cl][C][=C][C][=C][Ring1][#Branch1][Cl][C][=Branch1][C][=O][N][C][C][=C][C][=C][C][=Branch1][Ring2][=C][Ring1][=Branch1][O][C][O][Ring1][=Branch1]
134,PubChem7848638,C[C@H](OC(=O)CN(C)S(=O)(=O)c1ccc(F)cc1)C(=O)c1c[nH]c2ccccc12,[C][C@H1][Branch2][Ring1][=N][O][C][=Branch1][C][=O][C][N][Branch1][C][C][S][=Branch1][C][=O][=Branch1][C][=O][C][=C][C][=C][Branch1][C][F][C][=C][Ring1][#Branch1][C][=Branch1][C][=O][C][=C][NH1][C][=C][C][=C][C][=C][Ring1][=Branch2][Ring1][=Branch1]
135,PubChem7847864,C[C@H](Sc1c(Cl)cccc1Cl)C(=O)NC1CC1,[C][C@H1][Branch1][=C][S][C][=C][Branch1][C][Cl][C][=C][C][=C][Ring1][#Branch1][Cl][C][=Branch1][C][=O][N][C][C][C][Ring1][Ring1]
136,PubChem7847874,CCCn1c(N)c(C(=O)CSc2c(Cl)cccc2Cl)c(=O)n(C)c1=O,[C][C][C][N][C][Branch1][C][N][=C][Branch2][Ring1][Ring1][C][=Branch1][C][=O][C][S][C][=C][Branch1][C][Cl][C][=C][C][=C][Ring1][#Branch1][Cl][C][=Branch1][C][=O][N][Branch1][C][C][C][Ring2][Ring1][Branch1][=O]
137,PubChem7848511,C[C@@H](OC(=O)c1ccc2c(c1)NC(=O)CCS2)C(=O)Nc1ccccc1[N+](=O)[O-],[C][C@@H1][Branch2][Ring1][#Branch2][O][C][=Branch1][C][=O][C][=C][C][=C][C][=Branch1][Ring2][=C][Ring1][=Branch1][N][C][=Branch1][C][=O][C][C][S][Ring1][=Branch2][C][=Branch1][C][=O][N][C][=C][C][=C][C][=C][Ring1][=Branch1][N+1][=Branch1][C][=O][O-1]
138,PubChem7849293,COc1cccc(CNC(=O)COC(=O)c2cc(S(C)(=O)=O)ccc2C)c1,[C][O][C][=C][C][=C][C][Branch2][Ring1][S][C][N][C][=Branch1][C][=O][C][O][C][=Branch1][C][=O][C][=C][C][Branch1][=Branch2][S][Branch1][C][C][=Branch1][C][=O][=O][=C][C][=C][Ring1][#Branch2][C][=C][Ring2][Ring1][=Branch2]
139,PubChem17397426,CCN(CC)C(=O)c1cccc(NC(=O)c2cccc(F)c2)c1,[C][C][N][Branch1][Ring1][C][C][C][=Branch1][C][=O][C][=C][C][=C][C][Branch1][P][N][C][=Branch1][C][=O][C][=C][C][=C][C][Branch1][C][F][=C][Ring1][#Branch1][=C][Ring1][S]
140,PubChem47205999,CCc1ccc(CNC(=O)Nc2ccc(Br)cc2F)s1,[C][C][C][=C][C][=C][Branch2][Ring1][Ring2][C][N][C][=Branch1][C][=O][N][C][=C][C][=C][Branch1][C][Br][C][=C][Ring1][#Branch1][F][S][Ring2][Ring1][C]
141,PubChem7847546,Cc1ccc(NC(=O)NC(=O)COc2ccccc2Br)c(C)c1,[C][C][=C][C][=C][Branch2][Ring1][=Branch1][N][C][=Branch1][C][=O][N][C][=Branch1][C][=O][C][O][C][=C][C][=C][C][=C][Ring1][=Branch1][Br][C][Branch1][C][C][=C][Ring2][Ring1][=Branch1]
142,PubChem7847856,O=C(COC(=O)c1ccc(-c2ccc(Cl)cc2)s1)NC1CCCC1,[O][=C][Branch2][Ring1][O][C][O][C][=Branch1][C][=O][C][=C][C][=C][Branch1][N][C][=C][C][=C][Branch1][C][Cl][C][=C][Ring1][#Branch1][S][Ring1][N][N][C][C][C][C][C][Ring1][Branch1]
143,PubChem7847877,C[C@@H]1CN(C(=O)COC(=O)c2ccc(-c3ccc(Cl)cc3)s2)C[C@@H](C)O1,[C][C@@H1][C][N][Branch2][Ring1][#C][C][=Branch1][C][=O][C][O][C][=Branch1][C][=O][C][=C][C][=C][Branch1][N][C][=C][C][=C][Branch1][C][Cl][C][=C][Ring1][#Branch1][S][Ring1][N][C][C@@H1][Branch1][C][C][O][Ring2][Ring1][=Branch2]
144,PubChem7847881,O=C(OCC(=O)N1CCCCC1)c1ccc(-c2ccc(Cl)cc2)s1,[O][=C][Branch1][#C][O][C][C][=Branch1][C][=O][N][C][C][C][C][C][Ring1][=Branch1][C][=C][C][=C][Branch1][N][C][=C][C][=C][Branch1][C][Cl][C][=C][Ring1][#Branch1][S][Ring1][N]
145,PubChem7848305,C[C@@H]1CCCCN1C(=O)COC(=O)c1ccc2c(c1)NC(=O)CCS2,[C][C@@H1][C][C][C][C][N][Ring1][=Branch1][C][=Branch1][C][=O][C][O][C][=Branch1][C][=O][C][=C][C][=C][C][=Branch1][Ring2][=C][Ring1][=Branch1][N][C][=Branch1][C][=O][C][C][S][Ring1][=Branch2]
146,PubChem7849224,Cc1ccc(S(C)(=O)=O)cc1C(=O)OCC(=O)NNC(=O)c1ccccc1,[C][C][=C][C][=C][Branch1][=Branch2][S][Branch1][C][C][=Branch1][C][=O][=O][C][=C][Ring1][#Branch2][C][=Branch1][C][=O][O][C][C][=Branch1][C][=O][N][N][C][=Branch1][C][=O][C][=C][C][=C][C][=C][Ring1][=Branch1]
147,PubChem17397590,Cc1ccc(C)c(-n2cnnc2SCC(=O)NC(C)C2CC2)c1,[C][C][=C][C][=C][Branch1][C][C][C][Branch2][Ring1][Branch2][N][C][=N][N][=C][Ring1][Branch1][S][C][C][=Branch1][C][=O][N][C][Branch1][C][C][C][C][C][Ring1][Ring1][=C][Ring2][Ring1][=Branch1]
148,PubChem7847896,COc1cc(/C=C/C(=O)OCC(=O)NC(C)C)cc(Cl)c1OCC(C)C,[C][O][C][=C][C][Branch2][Ring1][Ring1][/C][=C][/C][=Branch1][C][=O][O][C][C][=Branch1][C][=O][N][C][Branch1][C][C][C][=C][C][Branch1][C][Cl][=C][Ring2][Ring1][Ring1][O][C][C][Branch1][C][C][C]
149,PubChem17397192,CCc1ccc(-c2csc(NC(=O)Cn3c(C)csc3=O)n2)s1,[C][C][C][=C][C][=C][Branch2][Ring1][N][C][=C][S][C][Branch2][Ring1][C][N][C][=Branch1][C][=O][C][N][C][Branch1][C][C][=C][S][C][Ring1][=Branch1][=O][=N][Ring1][S][S][Ring2][Ring1][Branch1]
150,PubChem7847715,Cc1c(NC(=O)COc2ccccc2Br)c(=O)n(-c2ccccc2)n1C,[C][C][=C][Branch1][P][N][C][=Branch1][C][=O][C][O][C][=C][C][=C][C][=C][Ring1][=Branch1][Br][C][=Branch1][C][=O][N][Branch1][=Branch2][C][=C][C][=C][C][=C][Ring1][=Branch1][N][Ring2][Ring1][Branch2][C]
151,PubChem7847318,Cc1[nH]c2ccccc2c1C(=O)[C@H](C)OC(=O)COc1ccccc1Cl,[C][C][NH1][C][=C][C][=C][C][=C][Ring1][=Branch1][C][=Ring1][=Branch2][C][=Branch1][C][=O][C@H1][Branch1][C][C][O][C][=Branch1][C][=O][C][O][C][=C][C][=C][C][=C][Ring1][=Branch1][Cl]
152,PubChem7847369,Oc1cccc([C@H](O)C[NH2+]Cc2ccc(F)cc2)c1,[O][C][=C][C][=C][C][Branch2][Ring1][Ring1][C@H1][Branch1][C][O][C][NH2+1][C][C][=C][C][=C][Branch1][C][F][C][=C][Ring1][#Branch1][=C][Ring2][Ring1][C]
153,PubChem7847604,Cc1cc(C(=O)COc2ccccc2Br)c(C)n1C[C@H]1CCCO1,[C][C][=C][C][Branch1][S][C][=Branch1][C][=O][C][O][C][=C][C][=C][C][=C][Ring1][=Branch1][Br][=C][Branch1][C][C][N][Ring1][P][C][C@H1][C][C][C][O][Ring1][Branch1]
154,PubChem7847618,COc1ccc(C(=O)COC(=O)CNS(=O)(=O)c2ccc3c(c2)CCCC3)cc1,[C][O][C][=C][C][=C][Branch2][Ring2][Ring2][C][=Branch1][C][=O][C][O][C][=Branch1][C][=O][C][N][S][=Branch1][C][=O][=Branch1][C][=O][C][=C][C][=C][C][=Branch1][Ring2][=C][Ring1][=Branch1][C][C][C][C][Ring1][#Branch1][C][=C][Ring2][Ring1][O]
155,PubChem7847805,C[C@H](OC(=O)c1ccc(-c2ccc(Cl)cc2)s1)C(N)=O,[C][C@H1][Branch2][Ring1][#Branch2][O][C][=Branch1][C][=O][C][=C][C][=C][Branch1][N][C][=C][C][=C][Branch1][C][Cl][C][=C][Ring1][#Branch1][S][Ring1][N][C][Branch1][C][N][=O]
156,PubChem7848338,COC(=O)c1cc(COC(=O)c2ccc3c(c2)NC(=O)CCS3)oc1C,[C][O][C][=Branch1][C][=O][C][C][=C][Branch2][Ring1][O][C][O][C][=Branch1][C][=O][C][=C][C][=C][C][=Branch1][Ring2][=C][Ring1][=Branch1][N][C][=Branch1][C][=O][C][C][S][Ring1][=Branch2][O][C][=Ring2][Ring1][Branch1][C]
157,PubChem7848413,C[C@@H](OC(=O)c1ccc2c(c1)NC(=O)CCS2)C(=O)NCc1ccco1,[C][C@@H1][Branch2][Ring1][#Branch2][O][C][=Branch1][C][=O][C][=C][C][=C][C][=Branch1][Ring2][=C][Ring1][=Branch1][N][C][=Branch1][C][=O][C][C][S][Ring1][=Branch2][C][=Branch1][C][=O][N][C][C][=C][C][=C][O][Ring1][Branch1]
158,PubChem7849406,Cc1ccc([C@H](C)NC(=O)COC(=O)/C=C/c2ccccc2C)cc1C,[C][C][=C][C][=C][Branch2][Ring1][O][C@H1][Branch1][C][C][N][C][=Branch1][C][=O][C][O][C][=Branch1][C][=O][/C][=C][/C][=C][C][=C][C][=C][Ring1][=Branch1][C][C][=C][Ring2][Ring1][Branch2][C]
159,PubChem7847420,CC(C)(C)c1ccc(SCC(=O)NC(=O)NC2CCCC2)cc1,[C][C][Branch1][C][C][Branch1][C][C][C][=C][C][=C][Branch2][Ring1][Ring2][S][C][C][=Branch1][C][=O][N][C][=Branch1][C][=O][N][C][C][C][C][C][Ring1][Branch1][C][=C][Ring2][Ring1][Ring1]
160,PubChem7847424,COc1ccccc1NC(=O)[C@H](C)Sc1ccc(C(C)(C)C)cc1,[C][O][C][=C][C][=C][C][=C][Ring1][=Branch1][N][C][=Branch1][C][=O][C@H1][Branch1][C][C][S][C][=C][C][=C][Branch1][=Branch2][C][Branch1][C][C][Branch1][C][C][C][C][=C][Ring1][#Branch2]
161,PubChem7847543,C[C@@H](NC(=O)COc1ccccc1Br)c1ccc(Br)cc1,[C][C@@H1][Branch1][P][N][C][=Branch1][C][=O][C][O][C][=C][C][=C][C][=C][Ring1][=Branch1][Br][C][=C][C][=C][Branch1][C][Br][C][=C][Ring1][#Branch1]
162,PubChem7847570,C[C@@H]1CCCC[C@@H]1NC(=O)COC(=O)CNS(=O)(=O)c1ccc2c(c1)CCCC2,[C][C@@H1][C][C][C][C][C@@H1][Ring1][=Branch1][N][C][=Branch1][C][=O][C][O][C][=Branch1][C][=O][C][N][S][=Branch1][C][=O][=Branch1][C][=O][C][=C][C][=C][C][=Branch1][Ring2][=C][Ring1][=Branch1][C][C][C][C][Ring1][#Branch1]
163,PubChem7847705,CC(C)c1ccc(CSc2nnc(S[C@H](C)C(=O)NC3CC3)s2)cc1,[C][C][Branch1][C][C][C][=C][C][=C][Branch2][Ring1][O][C][S][C][=N][N][=C][Branch1][S][S][C@H1][Branch1][C][C][C][=Branch1][C][=O][N][C][C][C][Ring1][Ring1][S][Ring1][=C][C][=C][Ring2][Ring1][=Branch1]
164,PubChem7847774,O=C(COC(=O)c1ccc(-c2ccc(Cl)cc2)s1)NCc1cccs1,[O][=C][Branch2][Ring1][O][C][O][C][=Branch1][C][=O][C][=C][C][=C][Branch1][N][C][=C][C][=C][Branch1][C][Cl][C][=C][Ring1][#Branch1][S][Ring1][N][N][C][C][=C][C][=C][S][Ring1][Branch1]
165,PubChem7847797,NC(=O)c1ccsc1NC(=O)CSc1c(Cl)cccc1Cl,[N][C][=Branch1][C][=O][C][C][=C][S][C][=Ring1][Branch1][N][C][=Branch1][C][=O][C][S][C][=C][Branch1][C][Cl][C][=C][C][=C][Ring1][#Branch1][Cl]
166,PubChem7847800,CC(C)(C)NC(=O)CSc1c(Cl)cccc1Cl,[C][C][Branch1][C][C][Branch1][C][C][N][C][=Branch1][C][=O][C][S][C][=C][Branch1][C][Cl][C][=C][C][=C][Ring1][#Branch1][Cl]
167,PubChem7847803,C[C@@H](OC(=O)c1ccc(-c2ccc(Cl)cc2)s1)C(=O)NC(N)=O,[C][C@@H1][Branch2][Ring1][#Branch2][O][C][=Branch1][C][=O][C][=C][C][=C][Branch1][N][C][=C][C][=C][Branch1][C][Cl][C][=C][Ring1][#Branch1][S][Ring1][N][C][=Branch1][C][=O][N][C][Branch1][C][N][=O]
168,PubChem7847804,CC(C)[C@@](C)(C#N)NC(=O)CSc1c(Cl)cccc1Cl,[C][C][Branch1][C][C][C@@][Branch1][C][C][Branch1][Ring1][C][#N][N][C][=Branch1][C][=O][C][S][C][=C][Branch1][C][Cl][C][=C][C][=C][Ring1][#Branch1][Cl]
169,PubChem7847806,CC(C)[C@](C)(C#N)NC(=O)CSc1c(Cl)cccc1Cl,[C][C][Branch1][C][C][C@][Branch1][C][C][Branch1][Ring1][C][#N][N][C][=Branch1][C][=O][C][S][C][=C][Branch1][C][Cl][C][=C][C][=C][Ring1][#Branch1][Cl]
170,PubChem7848306,C[C@H]1CCCCN1C(=O)COC(=O)c1ccc2c(c1)NC(=O)CCS2,[C][C@H1][C][C][C][C][N][Ring1][=Branch1][C][=Branch1][C][=O][C][O][C][=Branch1][C][=O][C][=C][C][=C][C][=Branch1][Ring2][=C][Ring1][=Branch1][N][C][=Branch1][C][=O][C][C][S][Ring1][=Branch2]
171,PubChem7848350,Cc1cccc(NC(=O)CNC(=O)COC(=O)CCC(C)C)c1C,[C][C][=C][C][=C][C][Branch2][Ring1][=Branch2][N][C][=Branch1][C][=O][C][N][C][=Branch1][C][=O][C][O][C][=Branch1][C][=O][C][C][C][Branch1][C][C][C][=C][Ring2][Ring1][=Branch1][C]
172,PubChem7849147,COC(=O)c1ccc2c(=O)n(C[C@@H](C)O)c(S[C@@H](C)C(=O)OC)nc2c1,[C][O][C][=Branch1][C][=O][C][=C][C][=C][C][=Branch1][C][=O][N][Branch1][#Branch1][C][C@@H1][Branch1][C][C][O][C][Branch1][N][S][C@@H1][Branch1][C][C][C][=Branch1][C][=O][O][C][=N][C][Ring2][Ring1][C][=C][Ring2][Ring1][=Branch1]
173,PubChem7849148,CCOC(=O)c1c(C)[nH]c(C(=O)COC(=O)c2cc(S(C)(=O)=O)ccc2C)c1C,[C][C][O][C][=Branch1][C][=O][C][=C][Branch1][C][C][NH1][C][Branch2][Ring1][=C][C][=Branch1][C][=O][C][O][C][=Branch1][C][=O][C][=C][C][Branch1][=Branch2][S][Branch1][C][C][=Branch1][C][=O][=O][=C][C][=C][Ring1][#Branch2][C][=C][Ring2][Ring1][#Branch1][C]
174,PubChem7849149,COC(=O)c1ccc2c(=O)n(C[C@H](C)O)c(S[C@H](C)C(=O)OC)nc2c1,[C][O][C][=Branch1][C][=O][C][=C][C][=C][C][=Branch1][C][=O][N][Branch1][#Branch1][C][C@H1][Branch1][C][C][O][C][Branch1][N][S][C@H1][Branch1][C][C][C][=Branch1][C][=O][O][C][=N][C][Ring2][Ring1][C][=C][Ring2][Ring1][=Branch1]
175,PubChem7849159,Cc1cc([N+](=O)[O-])ccc1NC(=O)COC(=O)c1cc(S(C)(=O)=O)ccc1C,[C][C][=C][C][Branch1][=Branch1][N+1][=Branch1][C][=O][O-1][=C][C][=C][Ring1][=Branch2][N][C][=Branch1][C][=O][C][O][C][=Branch1][C][=O][C][=C][C][Branch1][=Branch2][S][Branch1][C][C][=Branch1][C][=O][=O][=C][C][=C][Ring1][#Branch2][C]
176,PubChem17397996,NC(=O)c1ccsc1NC(=O)Cn1cnc2ccc(Cl)cc2c1=O,[N][C][=Branch1][C][=O][C][C][=C][S][C][=Ring1][Branch1][N][C][=Branch1][C][=O][C][N][C][=N][C][=C][C][=C][Branch1][C][Cl][C][=C][Ring1][#Branch1][C][Ring1][O][=O]
177,PubChem47206010,CCc1ccc(CNC(=O)Nc2cccc(I)c2)s1,[C][C][C][=C][C][=C][Branch2][Ring1][Ring1][C][N][C][=Branch1][C][=O][N][C][=C][C][=C][C][Branch1][C][I][=C][Ring1][#Branch1][S][Ring1][P]
178,PubChem7847599,C[C@@H](OC(=O)CNS(=O)(=O)c1ccc2c(c1)CCCC2)C(N)=O,[C][C@@H1][Branch2][Ring1][#C][O][C][=Branch1][C][=O][C][N][S][=Branch1][C][=O][=Branch1][C][=O][C][=C][C][=C][C][=Branch1][Ring2][=C][Ring1][=Branch1][C][C][C][C][Ring1][#Branch1][C][Branch1][C][N][=O]
179,PubChem7847619,Cc1ccc(C(=O)COc2ccccc2Br)cc1[N+](=O)[O-],[C][C][=C][C][=C][Branch1][S][C][=Branch1][C][=O][C][O][C][=C][C][=C][C][=C][Ring1][=Branch1][Br][C][=C][Ring1][P][N+1][=Branch1][C][=O][O-1]
180,PubChem7847773,O=C(CSc1c(Cl)cccc1Cl)Nc1ccc2c(c1)OCCO2,[O][=C][Branch1][#C][C][S][C][=C][Branch1][C][Cl][C][=C][C][=C][Ring1][#Branch1][Cl][N][C][=C][C][=C][C][=Branch1][Ring2][=C][Ring1][=Branch1][O][C][C][O][Ring1][#Branch1]
181,PubChem7847798,N#Cc1ccsc1NC(=O)CSc1c(Cl)cccc1Cl,[N][#C][C][C][=C][S][C][=Ring1][Branch1][N][C][=Branch1][C][=O][C][S][C][=C][Branch1][C][Cl][C][=C][C][=C][Ring1][#Branch1][Cl]
182,PubChem47206804,CNC(=O)CCS(=O)(=O)Cc1ccc(C(F)(F)F)cc1,[C][N][C][=Branch1][C][=O][C][C][S][=Branch1][C][=O][=Branch1][C][=O][C][C][=C][C][=C][Branch1][=Branch2][C][Branch1][C][F][Branch1][C][F][F][C][=C][Ring1][#Branch2]
183,PubChem47207830,CCc1nc(CS(=O)(=O)C(C)C(=O)NC2CC2)cs1,[C][C][C][=N][C][Branch2][Ring1][#Branch1][C][S][=Branch1][C][=O][=Branch1][C][=O][C][Branch1][C][C][C][=Branch1][C][=O][N][C][C][C][Ring1][Ring1][=C][S][Ring1][P]
184,PubChem7848831,C[C@H]1CCC[C@H](C)N1C(=O)COC(=O)c1ccc2c(c1)NC(=O)CCS2,[C][C@H1][C][C][C][C@H1][Branch1][C][C][N][Ring1][#Branch1][C][=Branch1][C][=O][C][O][C][=Branch1][C][=O][C][=C][C][=C][C][=Branch1][Ring2][=C][Ring1][=Branch1][N][C][=Branch1][C][=O][C][C][S][Ring1][=Branch2]
185,PubChem7847295,C[C@@H](OC(=O)COc1ccccc1Cl)C(=O)Nc1cccc2ccccc12,[C][C@@H1][Branch1][P][O][C][=Branch1][C][=O][C][O][C][=C][C][=C][C][=C][Ring1][=Branch1][Cl][C][=Branch1][C][=O][N][C][=C][C][=C][C][=C][C][=C][C][=C][Ring1][#Branch2][Ring1][=Branch1]
186,PubChem7847433,CCc1cc(C(=O)OCC(=O)NC2CCCC2)sc1C,[C][C][C][C][=C][Branch2][Ring1][Ring1][C][=Branch1][C][=O][O][C][C][=Branch1][C][=O][N][C][C][C][C][C][Ring1][Branch1][S][C][=Ring1][P][C]
187,PubChem7847460,CCc1cc(C(=O)OCC(=O)Nc2c(C)cccc2C(C)C)sc1C,[C][C][C][C][=C][Branch2][Ring1][N][C][=Branch1][C][=O][O][C][C][=Branch1][C][=O][N][C][=C][Branch1][C][C][C][=C][C][=C][Ring1][#Branch1][C][Branch1][C][C][C][S][C][=Ring2][Ring1][=Branch1][C]
188,PubChem7847673,O=C(COc1ccccc1Br)NCc1ccc(Cl)cc1,[O][=C][Branch1][N][C][O][C][=C][C][=C][C][=C][Ring1][=Branch1][Br][N][C][C][=C][C][=C][Branch1][C][Cl][C][=C][Ring1][#Branch1]
189,PubChem7848666,N#Cc1cccc(NC(=O)COC(=O)c2ccc3c(c2)NC(=O)CCS3)c1,[N][#C][C][=C][C][=C][C][Branch2][Ring1][S][N][C][=Branch1][C][=O][C][O][C][=Branch1][C][=O][C][=C][C][=C][C][=Branch1][Ring2][=C][Ring1][=Branch1][N][C][=Branch1][C][=O][C][C][S][Ring1][=Branch2][=C][Ring2][Ring1][=Branch2]
190,PubChem7849296,COC(=O)CSc1nc2cc(C(=O)OC)ccc2c(=O)n1C[C@@H]1CCCO1,[C][O][C][=Branch1][C][=O][C][S][C][=N][C][=C][C][Branch1][#Branch1][C][=Branch1][C][=O][O][C][=C][C][=C][Ring1][#Branch2][C][=Branch1][C][=O][N][Ring1][#C][C][C@@H1][C][C][C][O][Ring1][Branch1]
191,PubChem17396737,Cc1ccc(NC(=O)CCc2c[nH]c3ccccc23)nc1,[C][C][=C][C][=C][Branch2][Ring1][Branch1][N][C][=Branch1][C][=O][C][C][C][=C][NH1][C][=C][C][=C][C][=C][Ring1][=Branch2][Ring1][=Branch1][N][=C][Ring2][Ring1][Ring2]
192,PubChem47206727,CCC(C)NC(=O)CS(=O)(=O)Cc1ccc(Cl)cc1Cl,[C][C][C][Branch1][C][C][N][C][=Branch1][C][=O][C][S][=Branch1][C][=O][=Branch1][C][=O][C][C][=C][C][=C][Branch1][C][Cl][C][=C][Ring1][#Branch1][Cl]
193,PubChem47207127,CCS(=O)(=O)C(C)C(=O)Nc1cc(C)c(Cl)cc1OC,[C][C][S][=Branch1][C][=O][=Branch1][C][=O][C][Branch1][C][C][C][=Branch1][C][=O][N][C][=C][C][Branch1][C][C][=C][Branch1][C][Cl][C][=C][Ring1][Branch2][O][C]
194,PubChem7849419,Cc1ccc(S(C)(=O)=O)cc1C(=O)OCC(=O)N(C(C)C)C(C)C,[C][C][=C][C][=C][Branch1][=Branch2][S][Branch1][C][C][=Branch1][C][=O][=O][C][=C][Ring1][#Branch2][C][=Branch1][C][=O][O][C][C][=Branch1][C][=O][N][Branch1][=Branch1][C][Branch1][C][C][C][C][Branch1][C][C][C]
195,PubChem7849421,Cc1ccc(S(C)(=O)=O)cc1C(=O)OCC(=O)NCc1cccs1,[C][C][=C][C][=C][Branch1][=Branch2][S][Branch1][C][C][=Branch1][C][=O][=O][C][=C][Ring1][#Branch2][C][=Branch1][C][=O][O][C][C][=Branch1][C][=O][N][C][C][=C][C][=C][S][Ring1][Branch1]
196,PubChem7848890,COC(=O)c1ccc2c(=O)n(Cc3ccco3)c(SC[C@H]3CCOCO3)nc2c1,[C][O][C][=Branch1][C][=O][C][=C][C][=C][C][=Branch1][C][=O][N][Branch1][=Branch2][C][C][=C][C][=C][O][Ring1][Branch1][C][Branch1][O][S][C][C@H1][C][C][O][C][O][Ring1][=Branch1][=N][C][Ring2][Ring1][Branch1][=C][Ring2][Ring1][=Branch2]
197,PubChem7847385,c1csc(C[NH2+]Cc2ccc3c(c2)OCO3)c1,[C][=C][S][C][Branch2][Ring1][Ring1][C][NH2+1][C][C][=C][C][=C][C][=Branch1][Ring2][=C][Ring1][=Branch1][O][C][O][Ring1][=Branch1][=C][Ring1][P]
198,PubChem7847681,CNC(=O)NC(=O)CSc1nnc(SCc2ccc(C(C)C)cc2)s1,[C][N][C][=Branch1][C][=O][N][C][=Branch1][C][=O][C][S][C][=N][N][=C][Branch2][Ring1][C][S][C][C][=C][C][=C][Branch1][=Branch1][C][Branch1][C][C][C][C][=C][Ring1][=Branch2][S][Ring1][S]
199,PubChem17397071,COc1ccc(C(C)NCc2nc(=O)c3ccc(Cl)cc3[nH]2)cc1Br,[C][O][C][=C][C][=C][Branch2][Ring1][O][C][Branch1][C][C][N][C][C][=N][C][=Branch1][C][=O][C][=C][C][=C][Branch1][C][Cl][C][=C][Ring1][#Branch1][NH1][Ring1][N][C][=C][Ring2][Ring1][=Branch1][Br]
200,PubChem47206751,COCCNC(=O)CS(=O)(=O)Cc1c(Cl)cccc1Cl,[C][O][C][C][N][C][=Branch1][C][=O][C][S][=Branch1][C][=O][=Branch1][C][=O][C][C][=C][Branch1][C][Cl][C][=C][C][=C][Ring1][#Branch1][Cl]
201,PubChem7847415,CC(C)(C)c1ccc(SCC(=O)NC(N)=O)cc1,[C][C][Branch1][C][C][Branch1][C][C][C][=C][C][=C][Branch1][=N][S][C][C][=Branch1][C][=O][N][C][Branch1][C][N][=O][C][=C][Ring1][=C]
202,PubChem7847504,CCc1cc(C(=O)OCC(=O)N[C@H](Cc2ccccc2)C(C)=O)sc1C,[C][C][C][C][=C][Branch2][Ring1][=N][C][=Branch1][C][=O][O][C][C][=Branch1][C][=O][N][C@H1][Branch1][#Branch2][C][C][=C][C][=C][C][=C][Ring1][=Branch1][C][Branch1][C][C][=O][S][C][=Ring2][Ring1][#Branch1][C]
203,PubChem7848171,CCOc1ccc(C(=O)COC(=O)c2ccc3c(c2)NC(=O)CCS3)cc1,[C][C][O][C][=C][C][=C][Branch2][Ring1][#C][C][=Branch1][C][=O][C][O][C][=Branch1][C][=O][C][=C][C][=C][C][=Branch1][Ring2][=C][Ring1][=Branch1][N][C][=Branch1][C][=O][C][C][S][Ring1][=Branch2][C][=C][Ring2][Ring1][Branch2]
204,PubChem7849031,C=C(C)CSc1nc2cc(C(=O)OC)ccc2c(=O)n1C[C@H](C)O,[C][=C][Branch1][C][C][C][S][C][=N][C][=C][C][Branch1][#Branch1][C][=Branch1][C][=O][O][C][=C][C][=C][Ring1][#Branch2][C][=Branch1][C][=O][N][Ring1][#C][C][C@H1][Branch1][C][C][O]
205,PubChem7847561,CCCNC(=O)COC(=O)CNS(=O)(=O)c1ccc2c(c1)CCCC2,[C][C][C][N][C][=Branch1][C][=O][C][O][C][=Branch1][C][=O][C][N][S][=Branch1][C][=O][=Branch1][C][=O][C][=C][C][=C][C][=Branch1][Ring2][=C][Ring1][=Branch1][C][C][C][C][Ring1][#Branch1]
206,PubChem7847605,CC(C)CNC(=O)NC(=O)COC(=O)CNS(=O)(=O)c1ccc2c(c1)CCCC2,[C][C][Branch1][C][C][C][N][C][=Branch1][C][=O][N][C][=Branch1][C][=O][C][O][C][=Branch1][C][=O][C][N][S][=Branch1][C][=O][=Branch1][C][=O][C][=C][C][=C][C][=Branch1][Ring2][=C][Ring1][=Branch1][C][C][C][C][Ring1][#Branch1]
207,PubChem17396800,CC(OC(=O)c1ccc(SC(F)(F)F)cc1)C(=O)N1CCNC1=O,[C][C][Branch2][Ring1][=Branch2][O][C][=Branch1][C][=O][C][=C][C][=C][Branch1][#Branch2][S][C][Branch1][C][F][Branch1][C][F][F][C][=C][Ring1][O][C][=Branch1][C][=O][N][C][C][N][C][Ring1][Branch1][=O]
208,PubChem7847458,COc1ccccc1CNC(=O)CSc1ccc(C(C)(C)C)cc1,[C][O][C][=C][C][=C][C][=C][Ring1][=Branch1][C][N][C][=Branch1][C][=O][C][S][C][=C][C][=C][Branch1][=Branch2][C][Branch1][C][C][Branch1][C][C][C][C][=C][Ring1][#Branch2]
209,PubChem7847697,CC(C)c1ccc(CSc2nnc(S[C@H](C)C(N)=O)s2)cc1,[C][C][Branch1][C][C][C][=C][C][=C][Branch2][Ring1][=Branch1][C][S][C][=N][N][=C][Branch1][O][S][C@H1][Branch1][C][C][C][Branch1][C][N][=O][S][Ring1][O][C][=C][Ring2][Ring1][Ring1]
